ID,Job Title,Email Address,FirstName,LastName,Gender,PhoneNumber,City,State,Street,Country,Address,Department,Company,AccountNo,Currency,CardType,CreditCardNo,ColorCode,DateIdentifier01,DateIdentifier02,DateIdentifier03,DateIdentifier04,DateIdentifier05,FloatIdentifier01,FloatIdentifier02,FloatIdentifier03,FloatIdentifier04,FloatIdentifier05,NumberIdentifier01,NumberIdentifier02,NumberIdentifier03,NumberIdentifier04,NumberIdentifier05,UserID,Password,College,University,Application,Active,AcessStatus
1,Software Engineer,Bernadette_James816@extex.org,Bernadette,James,Female,0-026-627-7840,Hayward,New Hampshire,Castlereagh   Grove,Maldives,"Coleman  Tunnel, 2908",Sales,ENEL,WJ34HjLf7071372818162672,"Tk537,393,619",American Express,4627-2867-7256-6214,#213318,5/16/6964,1704-12-25 04:18:08Z,0323-05-13 04:36:16Z,6/27/0947,9/7/7736,978525720.897758,-199869677.882077,-279683389.88348,884073325.367977,-77792044.9735864,979576081.59,350722546.05,818111325.54,-730999594,-1670089584,1,Vg7oMy,Middle school,University of Illinois at Urbana-Champaign,MemoMe,False,False
2,Loan Officer,Johnny_Kirby7752@jiman.org,Johnny,Kirby,Male,5-670-286-0108,Tokyo,Minnesota,Howard Route,Chad,"Cockspur  Hill, 7915",Management,Zepter,kA63oUzG5456088322081505,"$155,225,154",MasterCard,3648-8006-0655-7844,#548e37,1/2/2686,1616-01-20 07:15:45Z,3737-07-29 11:58:55Z,5/29/1077,5/28/6075,183404555.844735,847619891.950939,-559243436.671077,218051490.691648,-166572468.880116,284707687.07,551491607.31,439230323.05,-210453311,-519651329,2,NWSNik,Public university,"University of North Carolina, Chapel Hill",Andes Shop,True,False
3,Associate Professor,Shay_Speed5701@bauros.biz,Shay,Speed,Female,1-127-653-2283,Santa Ana,Utah,Archery  Grove,"Congo, Republic of the","Bagford   Way, 6570",Management,Global Print,V643jlK20485076435672303,"Rp817,954,156",Discover,3588-3171-7418-1313,#4a1d99,5/6/2358,3396-03-28 03:56:54Z,5292-07-24 22:58:49Z,10/2/0680,3/4/3570,-863634611.818466,756276097.015823,126524604.711317,844868588.495027,546128276.659288,930735992.23,674417457.97,924545313.62,-2074733236,-1878056426,3,DgA90J,Corporate university,"University of California, Santa Barbara (UCSB)",Solaplay,False,False
4,Operator,Josh_Bristow8936@ubusive.com,Josh,Bristow,Male,2-515-141-7061,Bakersfield,Iowa,Yoakley Lane,Colombia,"Monroe Lane, 5283",Purchasing,Apple Inc.,sK18qGwz0575724032478001,"C$950,716,878",Citibank,5463-2653-8543-3001,#b2aea7,9/6/4610,2242-03-18 00:36:58Z,2416-04-01 08:36:03Z,10/1/0018,7/6/7365,-169382100.627071,-697618651.30628,-934209986.910343,549876869.775244,-668398753.52784,929465463.10,896158858.82,175058986.53,-1280098598,-938435028,4,XaIWBW,Gymnasium,University of Wisconsin-Madison,Mettcal,False,False
5,Biologist,Rocco_Wood3862@infotech44.tech,Rocco,Wood,Male,2-141-277-6341,Paris,Wyoming,Camberwell  Grove,Andorra,"Chart   Vale, 6831",Purchasing,Apple Inc.,xs61d8o00647022021242841,"$133,369,999",Citibank,4826-8643-6867-1827,#f9b6f2,8/22/3397,0637-09-13 13:58:23Z,5123-09-25 02:50:14Z,2/6/4984,4/26/5995,613772800.926528,-294484008.217793,624282354.336963,-428883677.583195,-162984115.639823,323392029.60,639177940.52,389581190.05,-720930339,-306607525,5,YYOTZn,University college,University of Texas at Austin,Shost,True,True
6,Clerk,Bob_Booth3537@qater.org,Bob,Booth,Male,6-136-258-1725,Norfolk,Oregon,Arthur  Rue,Japan,"Calvin   Pass, 2278",Accounting,AECOM,sK50v94w7326824450622735,"â‚¬461,400,394",Discover,7441-3808-6545-0387,#144187,12/12/3098,2730-03-13 07:36:32Z,1673-06-13 06:51:47Z,5/21/0469,1/19/1207,-680793260.687679,-836637830.686131,26534612.7049897,-998255079.440163,-829348981.727501,888170461.85,488832263.25,987525050.38,-1768932566,-859067101,6,iN3jLn,Middle school,Boston College,ReadABook,True,False
7,Banker,Luke_Kennedy51@nanoff.biz,Luke,Kennedy,Male,8-565-204-8302,Baltimore,Maryland,Beaconsfield  Rue,Netherlands,"West Road, 9672",Operations,Danone,bL28GUVU4040834887702217,"lei121,607,486",Citibank,3060-5744-3526-1588,#6f46b5,8/9/7128,6043-01-05 09:08:06Z,4953-02-28 19:11:03Z,2/1/4352,3/12/2671,-107739217.491811,-765842472.161196,-898946084.448401,-175655092.345331,-739294532.033194,732284995.35,191399623.06,208191803.33,-505990299,-144096103,7,ymj5EC,Graduate school,Colorado State University,Prayons,True,True
8,Service Supervisor,Catherine_Allcott5480@supunk.biz,Catherine,Allcott,Female,6-600-848-4077,London,Alaska,Abourne   Tunnel,Pakistan,"Sherlock   Walk, 7951",Operations,Metro Cash&Carry,Ed553ZbG0856050765084844,"Kr655,688,549",American Express,4456-7651-4300-4308,#4286f4,8/2/7029,4938-06-21 07:10:41Z,5920-05-13 20:07:56Z,3/11/1153,3/8/0119,780802954.82037,-546161441.931176,694806616.392787,-339657973.443712,-997537654.614154,127873810.93,578608524.30,848133230.80,-817208486,-1659063059,8,CMdCQ3,University-preparatory school,George Washington University,Sist,True,True
9,Mobile Developer,Denis_Edmonds6869@acrit.org,Denis,Edmonds,Male,5-830-056-1613,Hayward,Washington,Thorndike   Street,Sierra Leone,"Magnolia Boulevard, 7824",Research and Development,Leadertech Consulting,Ul508ss02488816781730127,"Tk137,038,975",Visa,6218-4222-6008-8346,	#FFFFFF,9/12/8627,9093-01-27 14:09:54Z,5096-06-16 11:10:20Z,8/28/7268,1/26/6259,974186795.459362,280203352.871899,-200220997.882847,785363284.146928,901936856.349991,700840813.68,520512027.37,651622806.88,-1858053416,-825844493,9,0r789z,Middle school,"University of California, Davis",Fdeam,False,True
10,Front Desk Coordinator,Harmony_Knight3916@cispeto.com,Harmony,Knight,Female,5-307-608-1747,Zurich,Oklahoma,Empress  Vale,Norway,"Balfe   Tunnel, 3848",Purchasing,UPC,yu30Y6W93117226408807051,"f600,025,855",American Express,3010-4875-5620-5132,#7d8ca3,1/6/4860,4747-02-02 04:17:25Z,0092-06-18 14:46:06Z,1/5/3159,10/20/9327,-755845642.629672,-364081296.539748,-825879312.100492,-311840559.338769,756344450.379508,656230494.67,337353191.43,192096898.95,-936787750,-27872080,10,2x4jeR,Public university,"University of California, Irvine",Sist,False,True

